时间(s),釜温 RT(釜),探针 P1,探针 P2,探针 P3,探针 P4,探针 P5,探针 P6
0,25,25,25,25,25,25,25
20,25.05,25,25,25,25,25,25
45,25.25,25,25,25,25,25,25
60,25.45,25,25,25,25,25,25
80,25.79,25,25,25,25,25,25
110,26.47,25.01,25,25,25,25.01,25
130,27.04,25.06,25.03,25.01,25.01,25.07,25.02
155,27.87,25.15,25.09,25.05,25.04,25.17,25.07
170,28.42,25.32,25.21,25.15,25.12,25.34,25.18
190,29.24,25.65,25.47,25.36,25.31,25.68,25.42
220,30.6,26.03,25.78,25.62,25.56,26.06,25.72
240,31.59,26.57,26.25,26.03,25.95,26.61,26.17
265,32.94,27.02,26.64,26.37,26.29,27.05,26.54
280,33.8,27.63,27.18,26.86,26.77,27.66,27.06
300,34.99,28.58,28.05,27.66,27.55,28.62,27.91
330,36.91,29.42,28.82,28.37,28.24,29.46,28.66
350,38.25,30.5,29.83,29.3,29.17,30.54,29.64
375,40.02,31.29,30.56,29.98,29.85,31.32,30.35
390,41.11,32.33,31.53,30.9,30.76,32.36,31.31
410,42.61,33.84,32.98,32.29,32.13,33.88,32.73
440,44.96,35.08,34.15,33.4,33.24,35.12,33.89
460,46.57,36.62,35.63,34.82,34.65,36.66,35.35
485,48.64,37.7,36.65,35.79,35.62,37.72,36.35
500,49.91,39.08,37.98,37.08,36.9,39.1,37.67
520,51.64,41.05,39.91,38.95,38.77,41.08,39.58
550,54.29,42.61,41.41,40.41,40.22,42.64,41.06
570,56.08,44.51,43.26,42.21,42.02,44.53,42.9
595,58.37,45.8,44.51,43.42,43.23,45.82,44.13
610,59.75,47.45,46.11,44.99,44.8,47.47,45.73
630,61.62,49.76,48.4,47.25,47.04,49.79,48.01
660,64.44,51.55,50.15,48.95,48.75,51.57,49.74
680,66.34,53.71,52.27,51.04,50.84,53.73,51.85
705,68.73,55.15,53.68,52.42,52.22,55.16,53.25
720,70.17,56.98,55.48,54.19,53.99,56.99,55.04
740,72.09,59.52,58.01,56.72,56.5,59.54,57.57
770,74.97,61.46,59.92,58.59,58.38,61.47,59.47
790,76.89,63.76,62.21,60.86,60.65,63.78,61.75
815,79.28,65.29,63.71,62.34,62.14,65.3,63.25
830,80.71,67.22,65.62,64.24,64.04,67.22,65.16
850,82.6,69.87,68.29,66.91,66.7,69.89,67.82
880,85.42,71.87,70.26,68.86,68.66,71.87,69.79
900,87.27,74.23,72.62,71.22,71.01,74.23,72.15
925,89.56,75.77,74.16,72.74,72.54,75.77,73.68
940,90.92,77.71,76.09,74.67,74.48,77.71,75.62
960,92.7,80.36,78.77,77.37,77.17,80.37,78.3
990,95.33,82.33,80.73,79.32,79.13,82.33,80.26
1010,97.04,84.63,83.05,81.65,81.46,84.63,82.58
1035,99.12,86.13,84.54,83.11,82.95,86.11,84.06
1050,100.34,87.99,86.4,84.95,84.82,87.96,85.92
1070,101.94,90.52,88.94,87.46,87.38,90.46,88.47
1100,104.24,92.36,90.76,89.22,89.19,92.28,90.28
1120,105.72,94.51,92.9,91.28,91.33,94.39,92.41
1145,107.5,95.88,94.26,92.57,92.68,95.74,93.76
1160,108.53,97.59,95.95,94.18,94.36,97.41,95.44
1180,109.85,99.87,98.25,96.39,96.66,99.67,97.73
1210,111.71,101.52,99.88,97.94,98.29,101.29,99.36
1230,112.88,103.41,101.79,99.77,100.19,103.16,101.25
1255,114.25,104.61,102.98,100.91,101.39,104.34,102.44
1270,115.01,106.08,104.47,102.35,102.88,105.79,103.93
1290,115.98,108.02,106.46,104.33,104.91,107.72,105.93
1320,117.28,109.38,107.85,105.71,106.32,109.08,107.32
1340,118.05,110.93,109.45,107.32,107.96,110.62,108.93
1365,118.9,111.88,110.43,108.31,108.97,111.56,109.92
1380,119.35,113.03,111.62,109.53,110.21,112.71,111.12
1400,119.88,114.51,113.19,111.15,111.85,114.19,112.71
1430,120.49,115.5,114.23,112.23,112.95,115.18,113.77
1450,120.79,116.59,115.4,113.45,114.18,116.26,114.95
1475,121.02,117.23,116.08,114.16,114.9,116.9,115.65
1490,121.09,117.97,116.88,115.01,115.77,117.63,116.47
1510,121.11,118.87,117.88,116.1,116.87,118.54,117.5
1540,121.18,119.4,118.49,116.76,117.54,119.07,118.09
1560,121.23,119.93,119.1,117.45,118.25,119.59,118.69
1585,121.28,120.18,119.41,117.81,118.62,119.85,118.95
1600,121.31,120.43,119.74,118.2,119.02,120.09,119.25
1620,121.34,120.69,120.08,118.62,119.45,120.36,119.53
1650,121.38,120.82,120.25,118.83,119.66,120.49,119.58
1670,121.39,120.94,120.41,119.04,119.86,120.62,119.65
1695,121.4,121.01,120.49,119.14,119.96,120.69,119.61
1710,121.4,121.08,120.58,119.26,120.08,120.76,119.61
1730,121.39,121.15,120.68,119.39,120.21,120.84,119.61
1760,121.36,121.2,120.74,119.46,120.27,120.89,119.48
1780,121.33,121.23,120.79,119.53,120.34,120.93,119.4
1805,121.29,121.25,120.81,119.56,120.37,120.94,119.27
1820,121.25,121.26,120.84,119.6,120.41,120.96,119.2
1840,121.21,121.27,120.86,119.63,120.44,120.96,119.09
1870,121.14,121.26,120.85,119.64,120.45,120.95,118.9
1890,121.09,121.24,120.84,119.64,120.44,120.93,118.78
1915,121.03,121.22,120.83,119.63,120.44,120.92,118.62
1930,120.99,121.19,120.81,119.61,120.42,120.89,118.52
1950,120.95,121.14,120.76,119.58,120.39,120.84,118.38
1980,120.89,121.1,120.73,119.54,120.35,120.8,118.2
2000,120.85,121.04,120.68,119.5,120.31,120.74,118.08
2025,120.82,121.01,120.64,119.47,120.27,120.71,117.96
2040,120.81,120.96,120.6,119.42,120.23,120.66,117.88
2060,120.8,120.9,120.53,119.36,120.17,120.6,117.78
2090,120.8,120.86,120.49,119.32,120.13,120.56,117.7
2110,120.81,120.81,120.44,119.27,120.08,,117.65
2135,120.84,120.79,120.42,119.24,120.05,120.49,117.63
2150,120.86,120.76,120.39,119.21,120.01,120.46,117.59
2170,120.89,120.74,120.35,119.17,119.97,120.44,117.56
2200,120.95,120.73,120.34,119.16,119.95,120.43,117.54
2220,121,120.73,120.33,119.14,119.94,120.43,117.54
2245,121.06,120.74,120.34,119.14,119.94,120.44,117.54
2260,121.1,120.75,120.34,119.14,119.94,120.45,117.54
2280,121.14,120.78,120.37,119.16,119.95,120.48,117.56
2310,121.22,120.81,120.39,119.18,119.98,120.51,117.59
2330,121.26,120.86,120.43,119.22,120.01,120.56,117.62
2355,121.31,120.89,120.46,119.24,120.03,120.59,117.65
2370,121.34,120.93,120.5,119.28,120.07,120.63,117.69
2390,121.36,121,120.56,119.33,120.13,120.7,117.75
2420,121.39,121.04,120.61,119.38,120.17,120.74,117.8
2440,121.4,121.1,120.66,119.43,120.23,120.8,117.85
2465,121.4,121.13,120.7,119.47,120.26,120.83,117.89
2480,121.39,121.17,120.74,119.51,120.3,120.87,117.93
2500,121.37,121.21,120.79,119.56,120.36,120.91,117.98
2530,121.34,121.24,120.82,119.59,120.39,120.94,118.01
2550,121.3,121.26,120.84,119.62,120.42,120.96,118.04
2575,121.25,121.27,120.86,119.64,120.44,120.97,118.05
2590,121.22,121.27,120.86,119.65,120.45,120.97,118.06
2610,121.17,121.27,120.87,119.66,120.46,120.96,118.07
2640,121.1,121.25,120.86,119.66,120.46,120.95,118.06
2660,121.05,121.22,120.84,119.64,120.45,120.92,118.04
2685,120.99,121.2,120.81,119.62,120.43,120.89,118.02
2700,120.95,121.16,120.79,119.6,120.41,120.86,117.99
2720,120.91,121.11,120.74,119.56,120.36,120.81,117.94
2750,120.86,121.06,120.7,119.52,120.33,120.76,117.9
2770,120.83,121.01,120.64,119.47,120.28,120.71,117.85
2795,120.81,120.97,120.61,119.43,120.24,120.67,117.82
2810,120.8,120.93,120.56,119.39,120.2,120.63,117.77
2830,120.8,120.87,120.5,119.33,120.14,120.57,117.71
2860,120.81,120.83,120.46,119.29,120.09,120.53,117.67
2880,120.83,120.79,120.42,119.24,120.05,120.49,117.62
2905,120.86,120.77,120.39,119.22,120.02,120.47,117.6
2920,120.88,120.75,120.37,119.19,119.99,120.45,117.57
2940,120.92,120.73,120.34,119.16,119.96,120.43,117.55
2970,120.99,120.73,120.33,119.15,119.94,120.43,117.54
2990,121.04,120.73,120.33,119.14,119.94,120.44,117.54
3015,121.07,120.75,120.34,119.14,119.94,120.45,117.54
3030,121,120.77,120.36,119.15,119.95,120.47,117.55
3050,120.82,120.8,120.39,119.18,119.97,120.51,117.58
3080,120.39,120.84,120.42,119.2,120,120.54,117.61
3100,120,120.9,120.46,119.24,120.03,120.6,117.65
3125,119.41,120.9,120.48,119.27,120.07,120.59,117.68
3140,118.99,120.86,120.48,119.28,120.09,120.55,117.68
3160,118.37,120.72,120.39,119.23,120.06,120.4,117.61
3190,117.31,120.5,120.23,119.11,119.94,120.18,117.46
3210,116.51,120.16,119.95,118.88,119.73,119.83,117.2
3235,115.42,119.86,119.7,118.66,119.52,119.53,116.96
3250,114.72,119.42,119.32,118.33,119.21,119.09,116.61
3270,113.74,118.72,118.7,117.78,118.67,118.39,116.01
3300,112.15,118.08,118.13,117.26,118.15,117.75,115.45
3320,111.02,117.24,117.35,116.55,117.45,116.9,114.7
3345,109.53,116.61,116.78,116.02,116.93,116.28,114.14
3360,108.6,115.78,116.01,115.3,116.22,115.45,113.39
3380,107.32,114.55,114.85,114.2,115.13,114.22,112.24
3410,105.32,113.53,113.89,113.29,114.23,113.2,111.3
3430,103.93,112.25,112.67,112.13,113.08,111.92,110.1
3455,102.14,111.36,111.82,111.33,112.27,111.03,109.27
3470,101.04,110.2,110.71,110.26,111.21,109.88,108.17
3490,99.54,108.53,109.1,108.71,109.66,108.21,106.58
3520,97.23,107.21,107.84,107.51,108.45,106.9,105.34
3540,95.66,105.59,106.29,106.04,106.95,105.3,103.8
3565,93.66,104.49,105.24,105.06,105.94,104.22,102.77
3580,92.44,103.08,103.88,103.8,104.64,102.82,101.44
3600,90.79,101.08,101.96,101.99,102.78,100.85,99.54
3630,88.29,99.54,100.48,100.64,101.37,99.34,98.09
3650,86.61,97.67,98.69,98.99,99.65,97.5,96.33
3675,84.49,96.42,97.49,97.9,98.5,96.27,95.15
3690,83.2,94.82,95.96,96.49,97.03,94.71,93.64
3710,81.49,92.6,93.8,94.47,94.94,92.51,91.51
3740,78.91,90.9,92.16,92.96,93.36,90.84,89.89
3760,77.19,88.87,90.18,91.09,91.44,88.82,87.93
3785,75.04,87.52,88.86,89.85,90.16,87.48,86.63
3800,73.75,85.81,87.18,88.24,88.52,85.79,84.97
3820,72.04,83.45,84.83,85.95,86.21,83.43,82.63
3850,69.49,81.67,83.08,84.24,84.48,81.66,80.89
3870,67.81,79.56,80.98,82.18,82.4,79.55,78.8
3895,65.72,78.18,79.61,80.83,81.04,78.17,77.43
3910,64.48,76.44,77.88,79.12,79.31,76.43,75.7
3930,62.85,74.05,75.48,76.71,76.91,74.04,73.29
3960,60.44,72.28,73.71,74.96,75.15,72.27,71.53
3980,58.87,70.18,71.61,72.86,73.04,70.18,69.43
4005,56.94,68.82,70.26,71.51,71.69,68.83,68.08
4020,55.81,67.13,68.55,69.81,69.98,67.13,66.37
4040,54.33,64.82,66.21,67.44,67.61,64.82,64.02
4070,52.17,63.12,64.51,65.74,65.9,63.13,62.32
4090,50.78,61.15,62.51,63.72,63.88,61.15,60.31
4115,49.1,59.87,61.23,62.44,62.6,59.88,59.03
4130,48.13,58.29,59.63,60.83,60.98,58.3,57.43
4150,46.88,56.17,57.46,58.62,58.76,56.17,55.24
4180,45.08,54.63,55.9,57.05,57.19,54.64,53.68
4200,43.95,52.85,54.09,55.21,55.34,52.86,51.86
4225,42.62,51.73,52.95,54.06,54.18,51.74,50.71
4240,41.86,50.34,51.53,52.62,52.73,50.36,49.29
4260,40.91,48.5,49.63,50.66,50.78,48.51,47.37
4290,39.59,47.2,48.3,49.3,49.41,47.21,46.02
4310,38.79,45.72,46.76,47.73,47.83,45.73,44.48
4335,37.9,44.8,45.82,46.76,46.86,44.82,43.53
4350,37.41,43.68,44.66,45.57,45.66,43.7,42.36
4370,36.83,42.23,43.13,43.98,44.06,42.25,40.81
4400,36.1,41.24,42.1,42.91,42.98,41.26,39.76
4420,35.71,40.15,40.94,41.7,41.76,40.17,38.58
4445,35.34,39.49,40.25,40.98,41.03,39.52,37.88
4460,35.18,38.72,39.43,40.11,40.15,38.75,37.04
4480,35.05,37.76,38.38,38.98,39.02,37.79,35.97